<?xml-stylesheet type='text/xsl' href='3A_20180422.xslt' ?>
<Invoice>
	 <Content Id="SigningData">
			<!--Thông tin hóa đơn-->
			<InvoiceName>HÓA ĐƠN GIÁ TRỊ GIA TĂNG</InvoiceName>
			<InvoicePattern>01GTKT3/001</InvoicePattern>
			<SerialNo>AA/17E</SerialNo>
			<InvoiceNo>2355</InvoiceNo>
			<InvoiceDate>20/07/2016</InvoiceDate>
			<KindOfService>Tháng hóa đơn</KindOfService>
			<CurrencyCode>VND</CurrencyCode>
			<VNMInvoiceType>1</VNMInvoiceType><!--1: Neu là hóa đơn CTKM theo bang ke - 0: Hóa đơn bình thường-->
			<!--Hết thông tin hóa đơn-->
			
			<!--Thông tin người bán hàng-->
			<ComName>CÔNG TY TRÁCH NHIỆM HỮU HẠN DINH DƯỠNG 3A (VIỆT NAM)</ComName>
			<ComAddress>Centec Tower, Số 72-74 Nguyễn Thị Minh Khai, P.3, Q.3, TP.HCM</ComAddress>
			<ComPhone>083823 8222</ComPhone>
			<ComFax>3823 8777</ComFax>
			<ComTaxCode>0310139770</ComTaxCode><!--Không có-->
			<ComBankNo>134124</ComBankNo>
			<ComBankName></ComBankName>
			<!--Hết thông tin người bán hàng-->
			
			<!--Thông tin người mua hàng-->
			<CusCode>110001848</CusCode>
			<CusName>Đào Thu Hiếu/ CH Thu Hiếu</CusName>
			<Buyer>Đào Thu Hiếu</Buyer>
			<CusAddress>606 Nguyễn Kiệm, P4, Quận Phú Nhuận, Hồ Chí Minh</CusAddress>
			<CusTaxCode>0301205064</CusTaxCode>
			<PaymentMethod>Chuyển khoản</PaymentMethod><!--Không có-->
			<CusBankNo>Số tài khoản</CusBankNo>
			<CusBankName>Tên ngân hàng</CusBankName>
			<CusPhone>ĐT kh hàng</CusPhone>
			<CusFax>Fax khách hàng</CusFax>
			<ShippingAddress>Địa chỉ giao hàng</ShippingAddress>
			<!--Hết thông tin người mua hàng-->
			
			<!--Thông tin sản phẩm-->
			<Products>				
				<Product>
					<Code>T4-P06484-3MLTOT06484P003-661</Code>					
					<ProdName>CKTM</ProdName>
					<ProdUnit>Hộp</ProdUnit>
					<ProdQuantity>12</ProdQuantity>
					<ProdPrice>54613</ProdPrice>
					<Amount>818181.82</Amount>
					<VATRate>10</VATRate>
					<VATAmount>818181.82</VATAmount>
					<Discount></Discount>
					<DiscountAmount></DiscountAmount>															
					<Total>8818181</Total>
					<Remark></Remark>
					<Extra2>ITEM</Extra2>
				</Product>
				<Product>
					<Code>Code1</Code>					
					<ProdName>SP1</ProdName>
					<ProdUnit>Hộp</ProdUnit>
					<ProdQuantity>12</ProdQuantity>
					<ProdPrice>54613</ProdPrice>
					<Amount>818181.82</Amount>
					<Discount>5</Discount>
					<DiscountAmount>64564</DiscountAmount>
					<VATRate>10</VATRate>
					<VATAmount>818181.82</VATAmount>										
					<Total>8818181</Total>
					<Remark></Remark>
					<Extra2>ITEM</Extra2>
				</Product>
				<Product>
					<Code>Code2</Code>					
					<ProdName>SP2</ProdName>
					<ProdUnit>Hộp</ProdUnit>
					<ProdQuantity>12</ProdQuantity>
					<ProdPrice>54613</ProdPrice>
					<Amount>818181.82</Amount>
					<VATRate>10</VATRate>
					<VATAmount>818181.82</VATAmount>
					<Discount></Discount>
					<DiscountAmount></DiscountAmount>															
					<Total>8818181</Total>
					<Remark></Remark>
					<Extra2>ITEM</Extra2>
				</Product>
				
				<Product>
					<Code>Code3</Code>					
					<ProdName>SP3</ProdName>
					<ProdUnit>Hộp</ProdUnit>
					<ProdQuantity>12</ProdQuantity>
					<ProdPrice>54613</ProdPrice>
					<Amount>818181.82</Amount>					
					<VATRate>10</VATRate>
					<VATAmount>818181.82</VATAmount>		
					<Discount></Discount>
					<DiscountAmount></DiscountAmount>								
					<Total>8818181</Total>
					<Remark></Remark>
					<Extra2>ITEM</Extra2>
				</Product>
				<Product>
					<Code>Code4</Code>					
					<ProdName>SP4</ProdName>
					<ProdUnit>Hộp</ProdUnit>
					<ProdQuantity>12</ProdQuantity>
					<ProdPrice>54613</ProdPrice>
					<Amount>818181.82</Amount>
					<VATRate>10</VATRate>
					<VATAmount>818181.82</VATAmount>	
					<Discount></Discount>
					<DiscountAmount></DiscountAmount>														
					<Total>8818181</Total>
					<Remark></Remark>
					<Extra2>ITEM</Extra2>
				</Product>
			</Products>
			<!--Hết thông tin sản phẩm-->
			
			<!--Thông tin chiết khấu thương mại-->
			<OrderInfo>Chiết khấu thương mại - 3A</OrderInfo><!--Tên chiết khấu thương mại-->
			<CountTHU>72727.27</CountTHU><!--Số tiền trước thuế-->
			<WeightTON>10</WeightTON><!--Thuế suất-->
			<CountItem>7272.73</CountItem><!--Tiền thuế-->
			<TyGia>80000.00</TyGia><!--Số tiền sau thuế-->
			<DiscountAmount>78978</DiscountAmount><!--Thanh tiền chiết khấu-->
			<!--Hết thông tin chiết khấu thương mại-->
			
			<!--Thông tin tổng-->
			<Total>50001000</Total>						
			<VAT_Rate>10</VAT_Rate><!--Khác tên-->
			<VAT_Amount>1000</VAT_Amount><!--Khác tên-->
			<Amount>50000000</Amount>
			<AmountInWords>năm trăm tỉ một trăm chín mươi lăm triệu bốn trăm năm mươi lăm đồng năm trăm tỉ một trăm chín mươi lăm triệu bốn trăm năm mươi lăm đồng năm trăm tỉ một trăm chín mươi lăm triệu bốn trăm năm mươi lăm đồng</AmountInWords>	
			<!--Hết thông tin tổng-->
			
			<!--Thông tin khác-->
			<OrderNo>O-343541A</OrderNo><!--Số đơn hàng(Order Reference)-->
			<IRNUMBER>1SO11706-11476</IRNUMBER><!--DocumentNo-->
			<BookingNo>MR DUNG-0908 174 972</BookingNo><!--Nhân viên bán hàng-->
			<Extra>Ghi chú</Extra><!--Diễn giải hóa đơn-->
			<InvoiceSigner>Người ky hoa don</InvoiceSigner><!--Người ký hóa đơn-->
			<SoldVia>3000</SoldVia><!--Hinh thu ban hang: Ban hang qua EMAIL/FAX-->
			<!--Hết thông tin khác-->			
								
			<PaymentStatus>Trạng thái thanh toán hóa đơn ban đầu(0,1 – chưa thanh toán, đã thanh toán)</PaymentStatus>
			<ResourceCode>Mã vùng dữ liệu</ResourceCode>
			<!--<isReplace>Hóa đơn này thay thế hóa đơn số: 0100221, Ký hiệu: HV/17E, Gửi ngày 20 Tháng 3 Năm 2017</isReplace>-->
			
			<!--Extra field - Chưa sử dụng-->
			<OutOrdNumber></OutOrdNumber>
			<DVQLKHO></DVQLKHO>			
			<DeliverCode></DeliverCode>	
			<DeliverName></DeliverName>
			<DeliverAddress></DeliverAddress>
			<DeliverTaxCode></DeliverTaxCode>
			<DeliverPhone></DeliverPhone>								
			<DeliverCom></DeliverCom>
			<DeliverDate></DeliverDate>			
			<DeliverContent></DeliverContent>
			<ContractNo></ContractNo>
			<DeliverTruck></DeliverTruck>
			<Trip_number></Trip_number>
			<DeliverNumber></DeliverNumber>
			<StoreOut></StoreOut>
			<StoreIn> tsstt  tưer</StoreIn>
			<TransNumber></TransNumber>							
			<WarehouseKeeper></WarehouseKeeper>	
			<PrintDate></PrintDate>
			<Printer></Printer>					
			<DeliverContent></DeliverContent><!--Thông tin chiết khấu thương mại theo bảng kê-->
			<!--Hết extra field-->			
			<!--<isAdjust>Hóa Đơn Điều Chỉnh</isAdjust>-->
			<isReplace>Hóa Đơn Thay thế</isReplace>
		</Content>
		<image>temp</image>
		<convert>dsds</convert>		
	  <ConvertDate>05/02/2015</ConvertDate>
</Invoice>
